ts	pass	resource	verdict	trace_delta	reason
2026-09-11T06:32:25+00:00	1	bucket-001	PASS	11	ok
2026-09-11T06:32:47+00:00	1	bucket-002	PASS	11	ok
2026-09-11T06:33:09+00:00	1	bucket-003	PASS	11	ok
2026-09-11T06:33:32+00:00	1	bucket-004	PASS	11	ok
2026-09-11T06:33:53+00:00	1	bucket-005	PASS	11	ok
2026-09-11T06:34:16+00:00	1	bucket-006	PASS	11	ok
2026-09-11T06:34:40+00:00	1	bucket-007	PASS	11	ok
2026-09-11T06:35:00+00:00	1	bucket-008	PASS	11	ok
2026-09-11T06:38:10+00:00	1	bucket-009	PASS	11	ok
2026-09-11T06:38:31+00:00	1	bucket-010	PASS	11	ok
2026-09-11T06:38:54+00:00	2	bucket-001	PASS	11	ok
2026-09-11T06:39:18+00:00	2	bucket-002	PASS	11	ok
2026-09-11T06:39:38+00:00	2	bucket-003	PASS	11	ok
2026-09-11T06:40:03+00:00	2	bucket-004	PASS	11	ok
2026-09-11T06:40:26+00:00	2	bucket-005	PASS	11	ok
2026-09-11T06:40:47+00:00	2	bucket-006	PASS	11	ok
2026-09-11T06:41:10+00:00	2	bucket-007	PASS	11	ok
2026-09-11T06:41:34+00:00	2	bucket-008	PASS	11	ok
2026-09-11T06:41:54+00:00	2	bucket-009	PASS	11	ok
2026-09-11T06:42:19+00:00	2	bucket-010	PASS	11	ok
2026-09-11T06:42:45+00:00	3	bucket-001	PASS	11	ok
2026-09-11T06:43:06+00:00	3	bucket-002	PASS	11	ok
2026-09-11T06:43:29+00:00	3	bucket-003	PASS	11	ok
2026-09-11T06:43:52+00:00	3	bucket-004	PASS	11	ok
2026-09-11T06:44:14+00:00	3	bucket-005	PASS	11	ok
2026-09-11T06:44:39+00:00	3	bucket-006	PASS	11	ok
2026-09-11T06:45:02+00:00	3	bucket-007	PASS	11	ok
2026-09-11T06:45:24+00:00	3	bucket-008	PASS	11	ok
2026-09-11T06:45:48+00:00	3	bucket-009	PASS	11	ok
2026-09-11T06:46:12+00:00	3	bucket-010	PASS	11	ok
